[
  {
    "username": "Dublin",
    "password": "1557372922",
    "posts": [
      {
        "title": "The Spire",
        "keyTime": 1639088967036,
        "year": 2021,
        "month": 11,
        "day": 9,
        "hour": 14,
        "min": 29,
        "text": "<p>The&nbsp;<strong>Spire of Dublin</strong>,&nbsp;alternatively titled&nbsp;<strong>The Monument of Light</strong>, is a large, stainless steel, pin-like monument 120 metres (390 ft) in height, located on the site of the former Nelson's Piller and statue of William Blakeney on O'connel Street in Dublin, Ireland.</p><br><p style='text-align: center;'><img src='https://upload.wikimedia.org/wikipedia/commons/thumb/1/1b/E4324-Spire-of-Dublin.jpg/240px-E4324-Spire-of-Dublin.jpg' alt='E4324-Spire-of-Dublin.jpg' /></p>",
        "username": "Dublin"
      },
      {
        "title": "Temple Bar",
        "keyTime": 1639089403852,
        "year": 2021,
        "month": 11,
        "day": 9,
        "hour": 14,
        "min": 36,
        "text": "<p>Temple Bar is an area on the south bank of the River Liffey in Central Dublin, Ireland. The area is bounded by the Liffey to the north, Dame Street to the south, Westmoreland Street to the east and Fishamble Street to the west. It is promoted as Dublin's 'cultural quarter' and as a centre of Dublin's city centre's nightlife, is a tourist destination.</p><br><p style='text-align: center;'><img src='https://upload.wikimedia.org/wikipedia/commons/thumb/f/f7/TempleBar.JPG/250px-TempleBar.JPG' alt='Temple Bar Square' /></p>",
        "username": "Dublin"
      },
      {
        "title": "St. Stephens Green",
        "keyTime": 1639160270017,
        "year": 2021,
        "month": 11,
        "day": 10,
        "hour": 10,
        "min": 17,
        "text": "<p style='text-align: center;'><img src='https://media.cntraveler.com/photos/5b200afd6c3c6f0e278fbd8f/1:1/w_320%2Cc_limit/St.-Stephen's-Green_GettyImages-522177774.jpg' alt='St. Stephen's Green Ireland Dublin' /></p><br><p>St. Stephen's Green, an exquisitely manicured park in Dublin City Centre, dates back to a time when open space and fresh air were at a prmium: Victorian Ireland, 1880. Today, the green lawns and ponds are surrounded by a thick wall of trees, creating a true respite from urban life inside a neat, perfectly ordered rectangular park.</p>",
        "username": "Dublin"
      }
    ]
  },
  {
    "username": "BigUsernameLOL",
    "password": "3019813",
    "posts": [
      {
        "title": "The First Post",
        "keyTime": 1639093711190,
        "year": 2021,
        "month": 11,
        "day": 9,
        "hour": 15,
        "min": 48,
        "text": "<p>This is my first post, perhaps even my last post. Only I shall know the exact date and time at which I will destroy this account forever and let my existence as a blogger slip into the infinite darkness of the internet.</p>",
        "username": "BigUsernameLOL"
      }
    ]
  },
  {
    "username": "grant",
    "password": "783082401",
    "posts": [
      {
        "title": "Grant final",
        "keyTime": 1639109050893,
        "year": 2021,
        "month": 11,
        "day": 9,
        "hour": 20,
        "min": 4,
        "text": "<p style='margin: 0px 0px 15px; padding: 0px; text-align: justify; font-family: 'Open Sans', Arial, sans-serif; font-size: 14px; background-color: #ffffff;'>Lorem ipsum dolor sit amet, consectetur adipiscing elit. Nullam nec turpis eget sapien efficitur malesuada ac in neque. Mauris vitae odio eget turpis tristique tincidunt sit amet ut augue. Nam eros turpis, consectetur eu lorem nec, scelerisque blandit odio. Duis molestie porta odio, vel pharetra mi facilisis vel. Morbi euismod lacus gravida erat posuere, sed aliquet enim congue. Aliquam semper hendrerit magna a aliquam. Praesent luctus, purus in hendrerit hendrerit, nibh est molestie nisl, in efficitur ex massa eu nibh. Nunc convallis arcu non fermentum hendrerit. Mauris dolor purus, ornare eget mi eu, venenatis consectetur turpis.</p><br><p style='margin: 0px 0px 15px; padding: 0px; text-align: justify; font-family: 'Open Sans', Arial, sans-serif; font-size: 14px; background-color: #ffffff;'>Quisque euismod dignissim nulla. Suspendisse lobortis enim sit amet nisl interdum euismod. Nunc fermentum mauris ac feugiat ornare. Sed ac ultrices est, sed iaculis enim. Nunc ac nunc odio. Vestibulum vel orci ac lectus tincidunt porttitor nec sed enim. Curabitur vitae molestie diam, ut varius est. Aliquam erat volutpat. Donec egestas eros porta, hendrerit quam eget, placerat ante. Vivamus venenatis eget urna commodo vehicula. Donec eu massa viverra, pharetra orci non, vestibulum dui. Sed mattis viverra mi.</p><br><p style='margin: 0px 0px 15px; padding: 0px; text-align: justify; font-family: 'Open Sans', Arial, sans-serif; font-size: 14px; background-color: #ffffff;'>Sed convallis ligula id nulla blandit lacinia nec eu libero. Quisque consectetur, dolor nec iaculis ullamcorper, tortor neque cursus nisl, id commodo est magna eu nisi. Duis velit arcu, mattis eu neque vel, commodo suscipit massa. Aenean tempor odio et gravida ullamcorper. Nam vel viverra eros. Ut at accumsan leo. Morbi tempor malesuada elit eget consequat. Proin lobortis, odio quis vehicula cursus, est mauris vehicula nibh, at laoreet neque est vel mi. Vestibulum ultricies ante nisl, a pretium urna varius id. Mauris mollis mattis imperdiet. Nunc turpis nunc, sollicitudin a placerat ut, maximus vel eros.</p><br><p style='margin: 0px 0px 15px; padding: 0px; text-align: justify; font-family: 'Open Sans', Arial, sans-serif; font-size: 14px; background-color: #ffffff;'>Curabitur suscipit lacinia urna vitae rhoncus. Nullam ac nibh nec velit molestie ullamcorper non vitae nisl. Mauris pretium nunc quis porttitor luctus. Fusce sodales cursus justo quis lobortis. Cras interdum tincidunt tincidunt. Vivamus sagittis turpis sit amet leo commodo varius. Fusce ultrices velit eget diam sollicitudin sodales. Donec tincidunt dolor et pulvinar ornare. Morbi tellus risus, placerat id quam sed, semper vulputate sem. Aliquam felis turpis, convallis id facilisis a, vehicula eu erat.</p><br><p style='margin: 0px 0px 15px; padding: 0px; text-align: justify; font-family: 'Open Sans', Arial, sans-serif; font-size: 14px; background-color: #ffffff;'>Fusce sagittis lobortis nunc sed egestas. Ut eu ex at eros placerat aliquet ac sed lectus. Pellentesque vitae dignissim leo. Sed dignissim eros vitae ipsum condimentum, ac sodales ipsum egestas. In hac habitasse platea dictumst. Donec mattis diam quam, eget viverra quam interdum suscipit. Donec pretium pellentesque est, vel tempus augue auctor ac. Quisque luctus, massa sit amet scelerisque elementum, diam risus eleifend sem, vitae dignissim felis justo in mi. Donec pulvinar laoreet nisi in porttitor. Sed condimentum placerat neque. Proin massa orci, efficitur a felis sed, mollis aliquet diam. Donec tincidunt non urna sit amet efficitur. Praesent vestibulum, nulla ac tristique euismod, elit ante porttitor massa, sit amet iaculis libero ligula et odio. Praesent et risus justo. Nullam eu sagittis urna, sed finibus tortor. Nullam ut molestie felis.</p>",
        "username": "grant"
      }
    ]
  },
  {
    "username": "piperd",
    "password": "-1942236687",
    "posts": [
      {
        "title": "The End of Fall Term",
        "keyTime": 1639106586527,
        "year": 2021,
        "month": 11,
        "day": 9,
        "hour": 19,
        "min": 23,
        "text": "<p><img class='n3VNCb' style='width: 702px; height: 702px; margin: 0px;' src='https://admissions.oregonstate.edu/sites/admissions.oregonstate.edu/files/quad-mobile.jpg' alt='Undergraduate Admissions | | Oregon State University' data-noaft='1' /></p><br><p>The campus rejoices as each class slowly wraps up, one by one.</p>",
        "username": "piperd"
      }
    ]
  }
]